{
    "emperor": 2500,
    "manana": 2500,
    "tornado": 2500,
    "buccaneer": 2500,
    "peyote": 2500,
    "cavalcade": 2500,
    "baller": 2500,
    "nemesis": 2500,
    "bmx": 200,
    "felon": 2500,
    "jackal": 2500,
    "oracle": 2500,
    "primo": 2500,
    "voodoo": 2500,
    "chino": 2500,
    "moonbeam": 2500,
    "faction": 2500,
    "ruffian": 2500,
    "rebel2": 2500,
    "thrust": 2500,
    "slamvan2": 2500,
    "dloader": 2500,
    "gburrito": 2500,
    "hexer": 2500,
    "diablous": 2500,
    "innovation": 2500,
    "daemon": 2500,
    "bagger": 2500,
    "zombieb": 2500,
    "huntley": 2500
}