{
    "WEAPON_KNUCKLE": 80,
    "WEAPON_BAT": 15,
    "WEAPON_KNIFE": 100,

    "WEAPON_PISTOL": 250,
    "WEAPON_COMBATPISTOL": 240,
    "WEAPON_SNSPISTOL": 200,
    "WEAPON_HEAVYPISTOL": 450,
    "WEAPON_PISTOL50": 900,

    "WEAPON_MICROSMG": 500,
    "WEAPON_MACHINEPISTOL": 450,
    "WEAPON_MINISMG": 480,

    "WEAPON_PUMPSHOTGUN": 400,
    "WEAPON_SAWNOFFSHOTGUN": 380,
    "WEAPON_DBSHOTGUN": 500,
    "WEAPON_AUTOSHOTGUN": 700,

    "WEAPON_ASSAULTRIFLE": 1400,
    "WEAPON_COMPACTRIFLE": 1800
}